change_id,version,date,category,issue_id,summary,status,evidence
CHG-0001,0.9.0-beta.2,2026-08-13,canon,,Quattro stirpi originarie e molteplici Anelli attivi a Milano consolidati come baseline Ring Core,accepted,CHANGELOG.md; docs/QA_REPORT_0.9.0-beta.2.md
CHG-0002,0.9.0-beta.2,2026-08-13,rules,,Risonanza dell'Anello MR-RULE-015 e Ancora dell'Anello MR-RULE-016 inserite come regole sperimentali normative di beta,accepted,data/canonical_rules.yml; docs/CANONICAL_RULES_SPEC.md
CHG-0003,0.9.0-beta.2,2026-08-13,balance,,"Definite metriche e red flag per prezzi, frequenza e impatto della Risonanza sulla fascia 7-9",accepted,docs/RING_CORE_BALANCE_MODEL.md
CHG-0004,0.9.0-beta.2,2026-08-13,text,,Terminologia Custode/Guardiano e distanze Contatto/Vicino/Lontano/Remoto riallineate,accepted,docs/EDITORIAL_STYLE_GUIDE.md
CHG-0005,0.9.0-beta.2,2026-08-13,layout,,Congelata la baseline editoriale di riferimento a 265 pagine; nessuna revisione grafica avviata nella Fase 0,accepted,archive/baselines/0.9.0-beta.2/BASELINE.json
CHG-0006,0.9.0-beta.2,2026-08-13,canon,CANON-001,Canonizzate cinque Linee Ley e sei Nexus con percorsi unici ed effetti fictionali non numerici,accepted,data/canon/occult_geography.yml; docs/CANON_BIBLE.md
CHG-0007,0.9.0-beta.2,2026-08-13,canon,CANON-002,"Unificati Cerchia, ruoli di Elisabetta/Eleonora e roster dei PNG ricorrenti",accepted,data/canon/npcs.yml; docs/CANON_ROSTER.md
CHG-0008,0.9.0-beta.2,2026-08-13,canon,CANON-003,Riparata la cronologia dal 1224 a oggi e separate le stirpi antiche dalle denominazioni moderne delle Casate,accepted,data/canon/timeline.yml; docs/CANON_TIMELINE.md
CHG-0009,0.9.0-beta.2,2026-08-13,rules,CANON-004,"Rimossi bonus e recuperi locali concorrenti da Linee Ley, Nexus e quartieri; i vantaggi ambientali agiscono prima dei modificatori numerici",accepted,chapters/11_la_milano_sotterranea.md; chapters/12_i_dodici_quartieri_di_milano.md
CHG-0010,0.9.0-beta.2,2026-08-13,text,CANON-003,"Sostituite affermazioni storiche e culturali non supportate; adottato il presente mobile “Milano, oggi”",accepted,chapters/01_milano_nascosta.md; chapters/02_i_custodi_e_gli_anelli_di_custodia.md; chapters/03_le_quattro_casate.md
CHG-0011,0.9.0-beta.2,2026-08-13,rules,RULE-001,Formalizzati i quattro stati del legame con l’Anello e la Rinuncia consensuale; rimozione/cessione/separazione non producono penalità automatiche.,accepted,data/canonical_rules.yml MR-RULE-017; chapters/02_i_custodi_e_gli_anelli_di_custodia.md
CHG-0012,0.9.0-beta.2,2026-08-13,rules,RULE-002,Unificato il Velo Tracker su scala globale 0–12 ed eliminata la scala meccanica Esposizione 0–4 dalla campagna.,accepted,data/canonical_rules.yml MR-RULE-018; chapters/18_il_doom_clock_espanso.md; chapters/27_campagna_il_crepuscolo_del_velo.md
CHG-0013,0.9.0-beta.2,2026-08-13,rules,RULE-003,Aggiunta libreria operativa di 96 prezzi di Risonanza e procedura di formulazione in 45 secondi con esempi di prezzi non validi.,accepted,data/risonanza_price_examples.yml; docs/rules/RISONANZA_PRICE_LIBRARY.md
CHG-0014,0.9.0-beta.2,2026-08-13,rules,RULE-004,"Definito il budget di Azione Significativa delle minacce e aggiunto un esempio completo di round con quattro Guardiani, minion combinati e minaccia maggiore.",accepted,data/canonical_rules.yml MR-RULE-008; docs/rules/COMBAT_ROUND_EXAMPLE.md
CHG-0015,0.9.0-beta.2,2026-08-13,rules,RULE-005,"Definita la fonte dell’Escalation per Azione Principale e documentati cinque casi limite su area, multi-colpo, persistenti ed evocazioni.",accepted,data/canonical_rules.yml MR-RULE-009; docs/rules/ESCALATION_CASES.md
CHG-0016,0.9.0-beta.2,2026-08-13,rules,RULE-006,"Resa procedurale Sangue Tenace con soglia strettamente sotto il 40%, timing, eleggibilità ed esempi sui costi 1/2/3/5 PF.",accepted,data/canonical_rules.yml MR-RULE-013; chapters/10_poteri_di_mictlan.md
CHG-0017,0.9.0-beta.2,2026-08-13,text,RULE-007,"Uniformati i verbi Stress/PF, consolidato il Burnout e centralizzata la regola anti-ciclo; glossary e style guide aggiornati.",accepted,data/canonical_rules.yml MR-RULE-012; chapters/05_come_si_gioca.md; docs/EDITORIAL_STYLE_GUIDE.md; chapters/29_glossario_dei_termini.md
CHG-0018,0.9.0-beta.2,2026-08-13,balance,,"Preparato il piano operativo delle 12 sessioni interne A–F con copertura B1–B8, validator e analizzatore dei bundle reali; nessun dato sintetico conta come evidenza.",accepted,data/playtest/phase3_internal_plan.yml; docs/playtest/PHASE3_INTERNAL_PLAYTEST_PLAN.md; scripts/validate_phase3_plan.py; scripts/analyze_playtest_bundles.py
