issue_id,roadmap_ref,priority,type,title,status,owner,target_date,dependencies,decision,closure_criterion,source_refs,merged_refs
CANON-001,P0-01,P0,defect,Unificare Linee Ley e Nexus,closed,Lore editor,2026-09-10,,Cinque Linee e sei Nexus (uno centrale + cinque secondari) canonizzati in fonte strutturata; effetti esclusivamente fiction/posizione/effetto.,Bibbia e manoscritto coincidono; nessun quartiere appartiene a Linee incompatibili senza spiegazione; una mappa può essere ricostruita senza interpretazioni.,Piano §5 C1.1; Piano §15 P0-01; data/canon/occult_geography.yml; docs/CANON_BIBLE.md; chapters/01_milano_nascosta.md; chapters/03_le_quattro_casate.md; chapters/11_la_milano_sotterranea.md,
CANON-002,P0-02,P0,defect,"Unificare Cerchia, Eleonora/Elisabetta e Valentina",closed,Lore editor,2026-09-10,,"Roster e gerarchia unificati: Elisabetta Presidente neutrale, Eleonora Avalon/coordinatrice, Leila Umbra, Kwame Ife, Marisol Mictlan; Padre Tommaso mentore; Valentina Riva mediatrice indipendente.",Roster canonico senza varianti; ogni PNG ha un solo nome completo e un solo status; gerarchia comprensibile in una pagina.,Piano §5 C1.2; Piano §15 P0-02; data/canon/npcs.yml; docs/CANON_ROSTER.md; chapters/02_i_custodi_e_gli_anelli_di_custodia.md; chapters/13_le_fazioni_di_milano.md,
CANON-003,P0-03,P0,defect,"Riparare cronologia 1224, Ife e Mictlan",closed,Lead designer,2026-09-23,CANON-002,Cronologia canonica di 12 eventi; il 1224 resta fondazione fittizia in un contesto di tensione politica; le Casate moderne classificano stirpi più antiche. Sensitivity reading resta P2/LEGAL-001.,"Timeline senza incompatibilità; arrivo, nome e funzione di Ife e Mictlan spiegati con rispetto e precisione.",Piano §5 C1.3; Piano §15 P0-03; data/canon/timeline.yml; docs/CANON_TIMELINE.md; docs/research/CANON_SOURCE_NOTES.md; chapters/02_i_custodi_e_gli_anelli_di_custodia.md; chapters/03_le_quattro_casate.md,
RULE-001,P0-04,P0,design,Chiarire rimozione dell'Anello e Rinuncia,closed,Rules editor,2026-10-01,,"MR-RULE-017 formalizza Anello tolto, separazione temporanea, cessione e Rinuncia; morte separata; nessuna penalità permanente automatica fuori da una Rinuncia consensuale.","Una procedura canonica distingue togliere l'Anello, separazione temporanea, cessione e Rinuncia in tutti i capitoli.",Piano §6 R2.2; Piano §15 P0-04; DEC-006; data/canonical_rules.yml MR-RULE-017; chapters/02_i_custodi_e_gli_anelli_di_custodia.md; chapters/04_creare_il_tuo_guardiano.md; chapters/32_domande_frequenti_faq.md; products/quickstart/Mythic_Rings_Quickstart.md; products/player-kit/Mythic_Rings_Kit_del_Giocatore.md,
RULE-002,P0-05,P0,defect,Unificare Velo Tracker ed Esposizione 0-4,closed,Rules editor,2026-09-23,,MR-RULE-018 adotta un solo Velo Tracker globale 0–12; la campagna non usa più una scala Esposizione 0–4 e Mondo incrementa sempre il Velo canonico.,Campagna e manuale usano lo stesso tracker canonico senza scale concorrenti.,Piano §15 P0-05; data/canonical_rules.yml MR-RULE-018; chapters/18_il_doom_clock_espanso.md; chapters/27_campagna_il_crepuscolo_del_velo.md; scripts/validate_rules_phase2.py,
CANON-004,P0-06,P0,defect,Rimuovere regole locali obsolete e bonus contraddittori,closed,Lore editor,2026-09-23,CANON-001,"Rimosse le ricompense locali +1/+2, cure, riduzioni Stress/Corruzione e altre economie concorrenti da Linee, Nexus e quartieri; i luoghi modificano accesso, informazione, posizione e scala fictionale.",Audit completo di quartieri e Nexus; nessun bonus locale contraddice la fonte normativa.,Piano §15 P0-06; scripts/validate_world_canon.py; chapters/11_la_milano_sotterranea.md; chapters/12_i_dodici_quartieri_di_milano.md,
PROD-001,P0-07,P0,style,Correggere simboli e tabelle corrotte,open,Copy editor,2026-10-14,,,"QA visivo senza simboli corrotti, celle spezzate o testo troncato.",Piano §12 QA; Piano §15 P0-07,
RULE-003,P1-01,P1,design,Tabelle operative dei prezzi di Risonanza,in_progress,Rules editor,2026-10-07,RULE-001,"Fonte tecnica completata: 96 esempi (4 Casate × 4 categorie × 6), procedura in 45 secondi, prezzi non validi e sostituzione della conseguenza. Resta da misurare con Custodi indipendenti.",Custode nuovo formula due prezzi validi in meno di 45 secondi; esempi coprono 6-→7-9 e 7-9→10+.,Piano §6 R2.1; Piano §15 P1-01; data/risonanza_price_examples.yml; docs/rules/RISONANZA_PRICE_LIBRARY.md; docs/playtest/PHASE2_RULES_TEST_SCRIPT.md; scripts/validate_rules_phase2.py,
RULE-004,P1-02,P1,defect,Esempio completo e procedura del round,in_progress,Combat designer,2026-10-07,,"Fonte tecnica completata: una Azione Significativa per unità di minaccia/round, definizione di spesa, fine round, pressione senza doppia attivazione ed esempio completo. Resta il confronto tra due Custodi indipendenti.",Due Custodi indipendenti producono lo stesso ordine di risoluzione; nessuna creatura agisce due volte per errore.,Piano §6 R2.3; Piano §15 P1-02; data/canonical_rules.yml MR-RULE-008; docs/rules/COMBAT_ROUND_EXAMPLE.md; docs/playtest/PHASE2_RULES_TEST_SCRIPT.md; scripts/validate_rules_phase2.py,
RULE-005,P1-03,P1,design,Definire Escalation e fonte di danno,closed,Combat designer,2026-10-14,RULE-004,MR-RULE-009 applica Escalation al massimo una volta per Azione Principale che infligge danno; area/multi-colpo scelgono una sola istanza o bersaglio; bonus/reazioni/persistenti/evocazioni sono esplicitati. Cinque casi limite documentati e validati.,Cinque casi limite risolti; la regola non premia involontariamente numero di bersagli o colpi.,Piano §6 R2.4; Piano §15 P1-03; data/canonical_rules.yml MR-RULE-009; docs/rules/ESCALATION_CASES.md; scripts/validate_rules_phase2.py,
RULE-006,P1-04,P1,defect,Chiarire Sangue Tenace,in_progress,Rules editor,2026-10-14,,"Formula canonica ed esempi 1/2/3/5 PF completati; soglia <40%, timing, Stress 0–8 e interazioni con riduzioni/Armatura definiti. Resta l'accordo dei tester indipendenti richiesto dal criterio di chiusura.","Esempi con costi 2, 3, 5 e minimo producono lo stesso calcolo per tutti i tester.",Piano §6 R2.6; Piano §15 P1-04; data/canonical_rules.yml MR-RULE-013; chapters/10_poteri_di_mictlan.md; docs/playtest/PHASE2_RULES_TEST_SCRIPT.md; scripts/validate_rules_phase2.py,
BAL-001,P1-05,P1,playtest,Audit protezione e guarigione Avalon/Ife,open,Rules editor,2026-11-04,,,"Report comparativo identifica sovrapposizioni, spotlight e costi reali senza assumere parità di danno.",Piano §7; Piano §15 P1-05,
BAL-002,P1-06,P1,playtest,Test sostenibilità Mictlan,open,Playtest coordinator,2026-11-04,,,Quattro composizioni confrontate; misurato effetto della presenza/assenza di guaritore.,Piano §7 B2/B3/B8; Piano §15 P1-06,
BAL-003,P1-07,P1,playtest,Test curva Corruzione Umbra,open,Playtest coordinator,2026-11-04,,,Dati comparabili alle soglie 0 e 6+; nessuna correzione su singolo outlier.,Piano §7 B4/B5; Piano §15 P1-07,
EDIT-001,P1-08,P1,defect,Consolidare regole ripetute,open,Developmental editor,2026-12-16,,,Mappa delle fonti normative; ogni regola integrale compare una sola volta e i riepiloghi non introducono eccezioni.,Piano §10 E5.1; Piano §15 P1-08,
LEGAL-001,,P2,design,Sensitivity reading Ife e Mictlan,open,Lead designer,2027-01-13,CANON-003,,"Osservazioni specialistiche registrate come accolte, adattate o non accolte con motivazione.",Piano §11; Piano §15 P2,
CANON-005,,P2,defect,Verifica storica e geografica di Milano,open,Lore editor,2027-01-13,CANON-001;CANON-003,,"Quartieri, trasporti, Monumentale, Sesto, Navigli e cronologia verificati o dichiarati intenzionalmente alternativi.",Piano §11; Piano §15 P2,
LEGAL-002,,P2,design,"Verifica legale PbtA, marchi, licenze e crediti",open,Lead designer,2027-01-20,,,Gate legale documentato; registro diritti e crediti coerenti.,Piano §11; Piano §15 P2,
EDIT-002,,P2,style,Revisione stilistica professionale e indice analitico,open,Copy editor,2027-01-20,EDIT-001,,Due passate indipendenti senza P0; indice e glossario consentono consultazione mediana sotto 60 secondi sui casi campione.,Piano §10 E5.2/E5.4; Piano §15 P2,
EDIT-003,,P2,design,Decisione finale Core vs Guardiani di Milano,open,Lead designer,2026-12-16,DEC-005,,Memo di architettura prodotto approvato; il Core resta autonomo se viene separato materiale esteso.,Piano §10 E5.3; Piano §15 P2,
PROD-002,,P2,design,Schede e tracker dedicati alla Risonanza,open,Developmental editor,2027-01-20,RULE-003,,Schede testate in compilazione; tutti i campi necessari presenti senza introdurre un nuovo tracker meccanico.,Piano §12; Piano §15 P2,
PROD-003,,P2,defect,"QA accessibilità, stampa e versione digitale",open,Developmental editor,2027-01-27,EDIT-002,,"Rimandi corretti, tabelle integre, gerarchia leggibile, metadati e versione coerenti nei file finali.",Piano §12; Piano §15 P2,
RULE-007,,P1,defect,"Uniformare recupero, Burnout e verbi delle risorse",closed,Rules editor,2026-10-14,,"MR-RULE-012 definisce subire/recuperare Stress, spendere/perdere PF e danno; Burnout usa sovraccarico oltre Stress 10; la regola anti-ciclo ha un solo proprietario nel Capitolo 5 e i poteri locali vi rinviano.",Ogni risorsa usa verbi coerenti; quick reference e poteri non contraddicono la fonte normativa; nessuna vecchia formula di Burnout resta nel corpus user-facing.,Piano §6 R2.5; data/canonical_rules.yml MR-RULE-012; chapters/05_come_si_gioca.md; docs/EDITORIAL_STYLE_GUIDE.md; chapters/29_glossario_dei_termini.md; scripts/validate_rules_phase2.py,
